Timestamp,ID,X,Y,Z,Dist_From_Center
01:45:39.521,drone_1,-4000.0000,-4000.0000,150.0000,5658.8426
01:45:39.571,drone_1,-3995.0000,-3995.0000,150.0000,5651.7741
01:45:39.621,drone_1,-3990.0000,-3990.0000,150.0000,5644.7055
01:45:39.671,drone_1,-3985.0000,-3985.0000,150.0000,5637.6369
01:45:39.722,drone_1,-3980.0000,-3980.0000,150.0000,5630.5684
01:45:39.772,drone_1,-3975.0000,-3975.0000,150.0000,5623.4998
01:45:39.822,drone_1,-3970.0000,-3970.0000,150.0000,5616.4313
01:45:39.872,drone_1,-3965.0000,-3965.0000,150.0000,5609.3627
01:45:39.922,drone_1,-3960.0000,-3960.0000,150.0000,5602.2942
01:45:39.972,drone_1,-3955.0000,-3955.0000,150.0000,5595.2256
01:45:40.023,drone_1,-3950.0000,-3950.0000,150.0000,5588.1571
01:45:40.073,drone_1,-3945.0000,-3945.0000,150.0000,5581.0886
01:45:40.123,drone_1,-3940.0000,-3940.0000,150.0000,5574.0201
01:45:40.173,drone_1,-3935.0000,-3935.0000,150.0000,5566.9516
01:45:40.224,drone_1,-3930.0000,-3930.0000,150.0000,5559.8831
01:45:40.274,drone_1,-3925.0000,-3925.0000,150.0000,5552.8146
01:45:40.324,drone_1,-3920.0000,-3920.0000,150.0000,5545.7461
01:45:40.374,drone_1,-3915.0000,-3915.0000,150.0000,5538.6776
01:45:40.424,drone_1,-3910.0000,-3910.0000,150.0000,5531.6092
01:45:40.475,drone_1,-3905.0000,-3905.0000,150.0000,5524.5407
01:45:40.525,drone_1,-3900.0000,-3900.0000,150.0000,5517.4722
01:45:40.575,drone_1,-3895.0000,-3895.0000,150.0000,5510.4038
01:45:40.625,drone_1,-3890.0000,-3890.0000,150.0000,5503.3354
01:45:40.675,drone_1,-3885.0000,-3885.0000,150.0000,5496.2669
01:45:40.726,drone_1,-3880.0000,-3880.0000,150.0000,5489.1985
01:45:40.776,drone_1,-3875.0000,-3875.0000,150.0000,5482.1301
01:45:40.826,drone_1,-3870.0000,-3870.0000,150.0000,5475.0616
01:45:40.876,drone_1,-3865.0000,-3865.0000,150.0000,5467.9932
01:45:40.926,drone_1,-3860.0000,-3860.0000,150.0000,5460.9248
01:45:40.977,drone_1,-3855.0000,-3855.0000,150.0000,5453.8564
01:45:41.027,drone_1,-3850.0000,-3850.0000,150.0000,5446.7880
01:45:41.077,drone_1,-3845.0000,-3845.0000,150.0000,5439.7197
01:45:41.127,drone_1,-3840.0000,-3840.0000,150.0000,5432.6513
01:45:41.177,drone_1,-3835.0000,-3835.0000,150.0000,5425.5829
01:45:41.228,drone_1,-3830.0000,-3830.0000,150.0000,5418.5146
01:45:41.278,drone_1,-3825.0000,-3825.0000,150.0000,5411.4462
01:45:41.328,drone_1,-3820.0000,-3820.0000,150.0000,5404.3779
01:45:41.378,drone_1,-3815.0000,-3815.0000,150.0000,5397.3095
01:45:41.429,drone_1,-3810.0000,-3810.0000,150.0000,5390.2412
01:45:41.479,drone_1,-3805.0000,-3805.0000,150.0000,5383.1729
01:45:41.529,drone_1,-3800.0000,-3800.0000,150.0000,5376.1045
01:45:41.580,drone_1,-3795.0000,-3795.0000,150.0000,5369.0362
01:45:41.630,drone_1,-3790.0000,-3790.0000,150.0000,5361.9679
01:45:41.680,drone_1,-3785.0000,-3785.0000,150.0000,5354.8996
01:45:41.730,drone_1,-3780.0000,-3780.0000,150.0000,5347.8313
01:45:41.781,drone_1,-3775.0000,-3775.0000,150.0000,5340.7631
01:45:41.831,drone_1,-3770.0000,-3770.0000,150.0000,5333.6948
01:45:41.881,drone_1,-3765.0000,-3765.0000,150.0000,5326.6265
01:45:41.932,drone_1,-3760.0000,-3760.0000,150.0000,5319.5583
01:45:41.982,drone_1,-3755.0000,-3755.0000,150.0000,5312.4900
01:45:42.032,drone_1,-3750.0000,-3750.0000,150.0000,5305.4218
01:45:42.082,drone_1,-3745.0000,-3745.0000,150.0000,5298.3535
01:45:42.132,drone_1,-3740.0000,-3740.0000,150.0000,5291.2853
01:45:42.182,drone_1,-3735.0000,-3735.0000,150.0000,5284.2171
01:45:42.233,drone_1,-3730.0000,-3730.0000,150.0000,5277.1489
01:45:42.283,drone_1,-3725.0000,-3725.0000,150.0000,5270.0806
01:45:42.333,drone_1,-3720.0000,-3720.0000,150.0000,5263.0124
01:45:42.383,drone_1,-3715.0000,-3715.0000,150.0000,5255.9443
01:45:42.434,drone_1,-3710.0000,-3710.0000,150.0000,5248.8761
01:45:42.484,drone_1,-3705.0000,-3705.0000,150.0000,5241.8079
01:45:42.534,drone_1,-3700.0000,-3700.0000,150.0000,5234.7397
01:45:42.584,drone_1,-3695.0000,-3695.0000,150.0000,5227.6716
01:45:42.635,drone_1,-3690.0000,-3690.0000,150.0000,5220.6034
01:45:42.685,drone_1,-3685.0000,-3685.0000,150.0000,5213.5353
01:45:42.735,drone_1,-3680.0000,-3680.0000,150.0000,5206.4671
01:45:42.786,drone_1,-3675.0000,-3675.0000,150.0000,5199.3990
01:45:42.836,drone_1,-3670.0000,-3670.0000,150.0000,5192.3309
01:45:42.886,drone_1,-3665.0000,-3665.0000,150.0000,5185.2628
01:45:42.936,drone_1,-3660.0000,-3660.0000,150.0000,5178.1947
01:45:42.986,drone_1,-3655.0000,-3655.0000,150.0000,5171.1266
01:45:43.036,drone_1,-3650.0000,-3650.0000,150.0000,5164.0585
01:45:43.087,drone_1,-3645.0000,-3645.0000,150.0000,5156.9904
01:45:43.137,drone_1,-3640.0000,-3640.0000,150.0000,5149.9223
01:45:43.187,drone_1,-3635.0000,-3635.0000,150.0000,5142.8543
01:45:43.238,drone_1,-3630.0000,-3630.0000,150.0000,5135.7862
01:45:43.288,drone_1,-3625.0000,-3625.0000,150.0000,5128.7182
01:45:43.338,drone_1,-3620.0000,-3620.0000,150.0000,5121.6501
01:45:43.388,drone_1,-3615.0000,-3615.0000,150.0000,5114.5821
01:45:43.439,drone_1,-3610.0000,-3610.0000,150.0000,5107.5141
01:45:43.489,drone_1,-3605.0000,-3605.0000,150.0000,5100.4461
01:45:43.539,drone_1,-3600.0000,-3600.0000,150.0000,5093.3781
01:45:43.589,drone_1,-3595.0000,-3595.0000,150.0000,5086.3101
01:45:43.639,drone_1,-3590.0000,-3590.0000,150.0000,5079.2421
01:45:43.689,drone_1,-3585.0000,-3585.0000,150.0000,5072.1741
01:45:43.739,drone_1,-3580.0000,-3580.0000,150.0000,5065.1061
01:45:43.790,drone_1,-3575.0000,-3575.0000,150.0000,5058.0382
01:45:43.840,drone_1,-3570.0000,-3570.0000,150.0000,5050.9702
01:45:43.890,drone_1,-3565.0000,-3565.0000,150.0000,5043.9023
01:45:43.940,drone_1,-3560.0000,-3560.0000,150.0000,5036.8343
01:45:43.990,drone_1,-3555.0000,-3555.0000,150.0000,5029.7664
01:45:44.040,drone_1,-3550.0000,-3550.0000,150.0000,5022.6985
01:45:44.090,drone_1,-3545.0000,-3545.0000,150.0000,5015.6306
01:45:44.141,drone_1,-3540.0000,-3540.0000,150.0000,5008.5627
01:45:44.191,drone_1,-3535.0000,-3535.0000,150.0000,5001.4948
01:45:44.241,drone_1,-3530.0000,-3530.0000,150.0000,4994.4269
01:45:44.291,drone_1,-3525.0000,-3525.0000,150.0000,4987.3590
01:45:44.341,drone_1,-3520.0000,-3520.0000,150.0000,4980.2912
01:45:44.391,drone_1,-3515.0000,-3515.0000,150.0000,4973.2233
01:45:44.442,drone_1,-3510.0000,-3510.0000,150.0000,4966.1555
01:45:44.492,drone_1,-3505.0000,-3505.0000,150.0000,4959.0876
01:45:44.542,drone_1,-3500.0000,-3500.0000,150.0000,4952.0198
01:45:44.592,drone_1,-3495.0000,-3495.0000,150.0000,4944.9520
01:45:44.642,drone_1,-3490.0000,-3490.0000,150.0000,4937.8842
01:45:44.693,drone_1,-3485.0000,-3485.0000,150.0000,4930.8164
01:45:44.743,drone_1,-3480.0000,-3480.0000,150.0000,4923.7486
01:45:44.793,drone_1,-3475.0000,-3475.0000,150.0000,4916.6808
01:45:44.843,drone_1,-3470.0000,-3470.0000,150.0000,4909.6130
01:45:44.893,drone_1,-3465.0000,-3465.0000,150.0000,4902.5453
01:45:44.944,drone_1,-3460.0000,-3460.0000,150.0000,4895.4775
01:45:44.994,drone_1,-3455.0000,-3455.0000,150.0000,4888.4098
01:45:45.044,drone_1,-3450.0000,-3450.0000,150.0000,4881.3420
01:45:45.094,drone_1,-3445.0000,-3445.0000,150.0000,4874.2743
01:45:45.145,drone_1,-3440.0000,-3440.0000,150.0000,4867.2066
01:45:45.195,drone_1,-3435.0000,-3435.0000,150.0000,4860.1389
01:45:45.245,drone_1,-3430.0000,-3430.0000,150.0000,4853.0712
01:45:45.295,drone_1,-3425.0000,-3425.0000,150.0000,4846.0035
01:45:45.346,drone_1,-3420.0000,-3420.0000,150.0000,4838.9358
01:45:45.396,drone_1,-3415.0000,-3415.0000,150.0000,4831.8682
01:45:45.446,drone_1,-3410.0000,-3410.0000,150.0000,4824.8005
01:45:45.496,drone_1,-3405.0000,-3405.0000,150.0000,4817.7329
01:45:45.547,drone_1,-3400.0000,-3400.0000,150.0000,4810.6652
01:45:45.597,drone_1,-3395.0000,-3395.0000,150.0000,4803.5976
01:45:45.647,drone_1,-3390.0000,-3390.0000,150.0000,4796.5300
01:45:45.697,drone_1,-3385.0000,-3385.0000,150.0000,4789.4624
01:45:45.748,drone_1,-3380.0000,-3380.0000,150.0000,4782.3948
01:45:45.798,drone_1,-3375.0000,-3375.0000,150.0000,4775.3272
01:45:45.848,drone_1,-3370.0000,-3370.0000,150.0000,4768.2596
01:45:45.898,drone_1,-3365.0000,-3365.0000,150.0000,4761.1921
01:45:45.948,drone_1,-3360.0000,-3360.0000,150.0000,4754.1245
01:45:45.998,drone_1,-3355.0000,-3355.0000,150.0000,4747.0570
01:45:46.049,drone_1,-3350.0000,-3350.0000,150.0000,4739.9895
01:45:46.099,drone_1,-3345.0000,-3345.0000,150.0000,4732.9219
01:45:46.149,drone_1,-3340.0000,-3340.0000,150.0000,4725.8544
01:45:46.199,drone_1,-3335.0000,-3335.0000,150.0000,4718.7869
01:45:46.249,drone_1,-3330.0000,-3330.0000,150.0000,4711.7194
01:45:46.299,drone_1,-3325.0000,-3325.0000,150.0000,4704.6520
01:45:46.349,drone_1,-3320.0000,-3320.0000,150.0000,4697.5845
01:45:46.399,drone_1,-3315.0000,-3315.0000,150.0000,4690.5170
01:45:46.449,drone_1,-3310.0000,-3310.0000,150.0000,4683.4496
01:45:46.499,drone_1,-3305.0000,-3305.0000,150.0000,4676.3821
01:45:46.550,drone_1,-3300.0000,-3300.0000,150.0000,4669.3147
01:45:46.600,drone_1,-3295.0000,-3295.0000,150.0000,4662.2473
01:45:46.650,drone_1,-3290.0000,-3290.0000,150.0000,4655.1799
01:45:46.700,drone_1,-3285.0000,-3285.0000,150.0000,4648.1125
01:45:46.751,drone_1,-3280.0000,-3280.0000,150.0000,4641.0451
01:45:46.801,drone_1,-3275.0000,-3275.0000,150.0000,4633.9778
01:45:46.851,drone_1,-3270.0000,-3270.0000,150.0000,4626.9104
01:45:46.901,drone_1,-3265.0000,-3265.0000,150.0000,4619.8431
01:45:46.952,drone_1,-3260.0000,-3260.0000,150.0000,4612.7757
01:45:47.002,drone_1,-3255.0000,-3255.0000,150.0000,4605.7084
01:45:47.052,drone_1,-3250.0000,-3250.0000,150.0000,4598.6411
01:45:47.102,drone_1,-3245.0000,-3245.0000,150.0000,4591.5738
01:45:47.152,drone_1,-3240.0000,-3240.0000,150.0000,4584.5065
01:45:47.203,drone_1,-3235.0000,-3235.0000,150.0000,4577.4392
01:45:47.253,drone_1,-3230.0000,-3230.0000,150.0000,4570.3720
01:45:47.303,drone_1,-3225.0000,-3225.0000,150.0000,4563.3047
01:45:47.354,drone_1,-3220.0000,-3220.0000,150.0000,4556.2375
01:45:47.404,drone_1,-3215.0000,-3215.0000,150.0000,4549.1703
01:45:47.454,drone_1,-3210.0000,-3210.0000,150.0000,4542.1030
01:45:47.504,drone_1,-3205.0000,-3205.0000,150.0000,4535.0358
01:45:47.554,drone_1,-3200.0000,-3200.0000,150.0000,4527.9686
01:45:47.605,drone_1,-3195.0000,-3195.0000,150.0000,4520.9015
01:45:47.655,drone_1,-3190.0000,-3190.0000,150.0000,4513.8343
01:45:47.705,drone_1,-3185.0000,-3185.0000,150.0000,4506.7671
01:45:47.755,drone_1,-3180.0000,-3180.0000,150.0000,4499.7000
01:45:47.806,drone_1,-3175.0000,-3175.0000,150.0000,4492.6329
01:45:47.856,drone_1,-3170.0000,-3170.0000,150.0000,4485.5657
01:45:47.906,drone_1,-3165.0000,-3165.0000,150.0000,4478.4986
01:45:47.956,drone_1,-3160.0000,-3160.0000,150.0000,4471.4315
01:45:48.006,drone_1,-3155.0000,-3155.0000,150.0000,4464.3645
01:45:48.056,drone_1,-3150.0000,-3150.0000,150.0000,4457.2974
01:45:48.107,drone_1,-3145.0000,-3145.0000,150.0000,4450.2303
01:45:48.157,drone_1,-3140.0000,-3140.0000,150.0000,4443.1633
01:45:48.207,drone_1,-3135.0000,-3135.0000,150.0000,4436.0963
01:45:48.257,drone_1,-3130.0000,-3130.0000,150.0000,4429.0292
01:45:48.307,drone_1,-3125.0000,-3125.0000,150.0000,4421.9622
01:45:48.357,drone_1,-3120.0000,-3120.0000,150.0000,4414.8952
01:45:48.408,drone_1,-3115.0000,-3115.0000,150.0000,4407.8283
01:45:48.458,drone_1,-3110.0000,-3110.0000,150.0000,4400.7613
01:45:48.508,drone_1,-3105.0000,-3105.0000,150.0000,4393.6943
01:45:48.558,drone_1,-3100.0000,-3100.0000,150.0000,4386.6274
01:45:48.608,drone_1,-3095.0000,-3095.0000,150.0000,4379.5605
01:45:48.659,drone_1,-3090.0000,-3090.0000,150.0000,4372.4936
01:45:48.709,drone_1,-3085.0000,-3085.0000,150.0000,4365.4267
01:45:48.759,drone_1,-3080.0000,-3080.0000,150.0000,4358.3598
01:45:48.809,drone_1,-3075.0000,-3075.0000,150.0000,4351.2929
01:45:48.859,drone_1,-3070.0000,-3070.0000,150.0000,4344.2261
01:45:48.909,drone_1,-3065.0000,-3065.0000,150.0000,4337.1592
01:45:48.960,drone_1,-3060.0000,-3060.0000,150.0000,4330.0924
01:45:49.010,drone_1,-3055.0000,-3055.0000,150.0000,4323.0256
01:45:49.060,drone_1,-3050.0000,-3050.0000,150.0000,4315.9588
01:45:49.110,drone_1,-3045.0000,-3045.0000,150.0000,4308.8920
01:45:49.160,drone_1,-3040.0000,-3040.0000,150.0000,4301.8252
01:45:49.210,drone_1,-3035.0000,-3035.0000,150.0000,4294.7584
01:45:49.260,drone_1,-3030.0000,-3030.0000,150.0000,4287.6917
01:45:49.310,drone_1,-3025.0000,-3025.0000,150.0000,4280.6250
01:45:49.361,drone_1,-3020.0000,-3020.0000,150.0000,4273.5582
01:45:49.411,drone_1,-3015.0000,-3015.0000,150.0000,4266.4915
01:45:49.461,drone_1,-3010.0000,-3010.0000,150.0000,4259.4248
01:45:49.511,drone_1,-3005.0000,-3005.0000,150.0000,4252.3582
01:45:49.561,drone_1,-3000.0000,-3000.0000,150.0000,4245.2915
01:45:49.611,drone_1,-2995.0000,-2995.0000,150.0000,4238.2249
01:45:49.661,drone_1,-2990.0000,-2990.0000,150.0000,4231.1582
01:45:49.711,drone_1,-2985.0000,-2985.0000,150.0000,4224.0916
01:45:49.761,drone_1,-2980.0000,-2980.0000,150.0000,4217.0250
01:45:49.811,drone_1,-2975.0000,-2975.0000,150.0000,4209.9584
01:45:49.861,drone_1,-2970.0000,-2970.0000,150.0000,4202.8919
01:45:49.912,drone_1,-2965.0000,-2965.0000,150.0000,4195.8253
01:45:49.962,drone_1,-2960.0000,-2960.0000,150.0000,4188.7588
01:45:50.012,drone_1,-2955.0000,-2955.0000,150.0000,4181.6922
01:45:50.062,drone_1,-2950.0000,-2950.0000,150.0000,4174.6257
01:45:50.112,drone_1,-2945.0000,-2945.0000,150.0000,4167.5592
01:45:50.162,drone_1,-2940.0000,-2940.0000,150.0000,4160.4928
01:45:50.212,drone_1,-2935.0000,-2935.0000,150.0000,4153.4263
01:45:50.262,drone_1,-2930.0000,-2930.0000,150.0000,4146.3598
01:45:50.312,drone_1,-2925.0000,-2925.0000,150.0000,4139.2934
01:45:50.362,drone_1,-2920.0000,-2920.0000,150.0000,4132.2270
01:45:50.412,drone_1,-2915.0000,-2915.0000,150.0000,4125.1606
01:45:50.463,drone_1,-2910.0000,-2910.0000,150.0000,4118.0942
01:45:50.513,drone_1,-2905.0000,-2905.0000,150.0000,4111.0279
01:45:50.563,drone_1,-2900.0000,-2900.0000,150.0000,4103.9615
01:45:50.613,drone_1,-2895.0000,-2895.0000,150.0000,4096.8952
01:45:50.663,drone_1,-2890.0000,-2890.0000,150.0000,4089.8288
01:45:50.713,drone_1,-2885.0000,-2885.0000,150.0000,4082.7625
01:45:50.763,drone_1,-2880.0000,-2880.0000,150.0000,4075.6963
01:45:50.813,drone_1,-2875.0000,-2875.0000,150.0000,4068.6300
01:45:50.864,drone_1,-2870.0000,-2870.0000,150.0000,4061.5637
01:45:50.914,drone_1,-2865.0000,-2865.0000,150.0000,4054.4975
01:45:50.964,drone_1,-2860.0000,-2860.0000,150.0000,4047.4313
01:45:51.014,drone_1,-2855.0000,-2855.0000,150.0000,4040.3651
01:45:51.064,drone_1,-2850.0000,-2850.0000,150.0000,4033.2989
01:45:51.115,drone_1,-2845.0000,-2845.0000,150.0000,4026.2327
01:45:51.165,drone_1,-2840.0000,-2840.0000,150.0000,4019.1666
01:45:51.215,drone_1,-2835.0000,-2835.0000,150.0000,4012.1004
01:45:51.265,drone_1,-2830.0000,-2830.0000,150.0000,4005.0343
01:45:51.315,drone_1,-2825.0000,-2825.0000,150.0000,3997.9682
01:45:51.365,drone_1,-2820.0000,-2820.0000,150.0000,3990.9022
01:45:51.416,drone_1,-2815.0000,-2815.0000,150.0000,3983.8361
01:45:51.466,drone_1,-2810.0000,-2810.0000,150.0000,3976.7700
01:45:51.516,drone_1,-2805.0000,-2805.0000,150.0000,3969.7040
01:45:51.566,drone_1,-2800.0000,-2800.0000,150.0000,3962.6380
01:45:51.616,drone_1,-2795.0000,-2795.0000,150.0000,3955.5720
01:45:51.666,drone_1,-2790.0000,-2790.0000,150.0000,3948.5060
01:45:51.716,drone_1,-2785.0000,-2785.0000,150.0000,3941.4401
01:45:51.767,drone_1,-2780.0000,-2780.0000,150.0000,3934.3742
01:45:51.817,drone_1,-2775.0000,-2775.0000,150.0000,3927.3082
01:45:51.867,drone_1,-2770.0000,-2770.0000,150.0000,3920.2423
01:45:51.917,drone_1,-2765.0000,-2765.0000,150.0000,3913.1765
01:45:51.967,drone_1,-2760.0000,-2760.0000,150.0000,3906.1106
01:45:52.017,drone_1,-2755.0000,-2755.0000,150.0000,3899.0448
01:45:52.068,drone_1,-2750.0000,-2750.0000,150.0000,3891.9789
01:45:52.118,drone_1,-2745.0000,-2745.0000,150.0000,3884.9131
01:45:52.168,drone_1,-2740.0000,-2740.0000,150.0000,3877.8473
01:45:52.219,drone_1,-2735.0000,-2735.0000,150.0000,3870.7816
01:45:52.269,drone_1,-2730.0000,-2730.0000,150.0000,3863.7158
01:45:52.319,drone_1,-2725.0000,-2725.0000,150.0000,3856.6501
01:45:52.369,drone_1,-2720.0000,-2720.0000,150.0000,3849.5844
01:45:52.419,drone_1,-2715.0000,-2715.0000,150.0000,3842.5187
01:45:52.469,drone_1,-2710.0000,-2710.0000,150.0000,3835.4530
01:45:52.520,drone_1,-2705.0000,-2705.0000,150.0000,3828.3874
01:45:52.570,drone_1,-2700.0000,-2700.0000,150.0000,3821.3218
01:45:52.620,drone_1,-2695.0000,-2695.0000,150.0000,3814.2562
01:45:52.670,drone_1,-2690.0000,-2690.0000,150.0000,3807.1906
01:45:52.720,drone_1,-2685.0000,-2685.0000,150.0000,3800.1250
01:45:52.770,drone_1,-2680.0000,-2680.0000,150.0000,3793.0595
01:45:52.820,drone_1,-2675.0000,-2675.0000,150.0000,3785.9939
01:45:52.871,drone_1,-2670.0000,-2670.0000,150.0000,3778.9284
01:45:52.921,drone_1,-2665.0000,-2665.0000,150.0000,3771.8629
01:45:52.971,drone_1,-2660.0000,-2660.0000,150.0000,3764.7975
01:45:53.021,drone_1,-2655.0000,-2655.0000,150.0000,3757.7320
01:45:53.071,drone_1,-2650.0000,-2650.0000,150.0000,3750.6666
01:45:53.121,drone_1,-2645.0000,-2645.0000,150.0000,3743.6012
01:45:53.171,drone_1,-2640.0000,-2640.0000,150.0000,3736.5358
01:45:53.221,drone_1,-2635.0000,-2635.0000,150.0000,3729.4705
01:45:53.271,drone_1,-2630.0000,-2630.0000,150.0000,3722.4051
01:45:53.321,drone_1,-2625.0000,-2625.0000,150.0000,3715.3398
01:45:53.371,drone_1,-2620.0000,-2620.0000,150.0000,3708.2745
01:45:53.422,drone_1,-2615.0000,-2615.0000,150.0000,3701.2093
01:45:53.472,drone_1,-2610.0000,-2610.0000,150.0000,3694.1440
01:45:53.522,drone_1,-2605.0000,-2605.0000,150.0000,3687.0788
01:45:53.572,drone_1,-2600.0000,-2600.0000,150.0000,3680.0136
01:45:53.622,drone_1,-2595.0000,-2595.0000,150.0000,3672.9484
01:45:53.672,drone_1,-2590.0000,-2590.0000,150.0000,3665.8832
01:45:53.722,drone_1,-2585.0000,-2585.0000,150.0000,3658.8181
01:45:53.772,drone_1,-2580.0000,-2580.0000,150.0000,3651.7530
01:45:53.822,drone_1,-2575.0000,-2575.0000,150.0000,3644.6879
01:45:53.873,drone_1,-2570.0000,-2570.0000,150.0000,3637.6229
01:45:53.923,drone_1,-2565.0000,-2565.0000,150.0000,3630.5578
01:45:53.973,drone_1,-2560.0000,-2560.0000,150.0000,3623.4928
01:45:54.023,drone_1,-2555.0000,-2555.0000,150.0000,3616.4278
01:45:54.074,drone_1,-2550.0000,-2550.0000,150.0000,3609.3628
01:45:54.124,drone_1,-2545.0000,-2545.0000,150.0000,3602.2979
01:45:54.174,drone_1,-2540.0000,-2540.0000,150.0000,3595.2330
01:45:54.224,drone_1,-2535.0000,-2535.0000,150.0000,3588.1681
01:45:54.274,drone_1,-2530.0000,-2530.0000,150.0000,3581.1032
01:45:54.325,drone_1,-2525.0000,-2525.0000,150.0000,3574.0383
01:45:54.375,drone_1,-2520.0000,-2520.0000,150.0000,3566.9735
01:45:54.425,drone_1,-2515.0000,-2515.0000,150.0000,3559.9087
01:45:54.475,drone_1,-2510.0000,-2510.0000,150.0000,3552.8439
01:45:54.525,drone_1,-2505.0000,-2505.0000,150.0000,3545.7792
01:45:54.575,drone_1,-2500.0000,-2500.0000,150.0000,3538.7145
01:45:54.626,drone_1,-2495.0000,-2495.0000,150.0000,3531.6498
01:45:54.676,drone_1,-2490.0000,-2490.0000,150.0000,3524.5851
01:45:54.726,drone_1,-2485.0000,-2485.0000,150.0000,3517.5204
01:45:54.777,drone_1,-2480.0000,-2480.0000,150.0000,3510.4558
01:45:54.827,drone_1,-2475.0000,-2475.0000,150.0000,3503.3912
01:45:54.877,drone_1,-2470.0000,-2470.0000,150.0000,3496.3266
01:45:54.927,drone_1,-2465.0000,-2465.0000,150.0000,3489.2621
01:45:54.978,drone_1,-2460.0000,-2460.0000,150.0000,3482.1976
01:45:55.028,drone_1,-2455.0000,-2455.0000,150.0000,3475.1331
01:45:55.078,drone_1,-2450.0000,-2450.0000,150.0000,3468.0686
01:45:55.128,drone_1,-2445.0000,-2445.0000,150.0000,3461.0042
01:45:55.178,drone_1,-2440.0000,-2440.0000,150.0000,3453.9398
01:45:55.228,drone_1,-2435.0000,-2435.0000,150.0000,3446.8754
01:45:55.279,drone_1,-2430.0000,-2430.0000,150.0000,3439.8110
01:45:55.329,drone_1,-2425.0000,-2425.0000,150.0000,3432.7467
01:45:55.379,drone_1,-2420.0000,-2420.0000,150.0000,3425.6824
01:45:55.429,drone_1,-2415.0000,-2415.0000,150.0000,3418.6181
01:45:55.479,drone_1,-2410.0000,-2410.0000,150.0000,3411.5539
01:45:55.530,drone_1,-2405.0000,-2405.0000,150.0000,3404.4897
01:45:55.580,drone_1,-2400.0000,-2400.0000,150.0000,3397.4255
01:45:55.630,drone_1,-2395.0000,-2395.0000,150.0000,3390.3613
01:45:55.680,drone_1,-2390.0000,-2390.0000,150.0000,3383.2972
01:45:55.731,drone_1,-2385.0000,-2385.0000,150.0000,3376.2331
01:45:55.781,drone_1,-2380.0000,-2380.0000,150.0000,3369.1690
01:45:55.831,drone_1,-2375.0000,-2375.0000,150.0000,3362.1050
01:45:55.881,drone_1,-2370.0000,-2370.0000,150.0000,3355.0410
01:45:55.931,drone_1,-2365.0000,-2365.0000,150.0000,3347.9770
01:45:55.982,drone_1,-2360.0000,-2360.0000,150.0000,3340.9130
01:45:56.032,drone_1,-2355.0000,-2355.0000,150.0000,3333.8491
01:45:56.082,drone_1,-2350.0000,-2350.0000,150.0000,3326.7852
01:45:56.132,drone_1,-2345.0000,-2345.0000,150.0000,3319.7214
01:45:56.183,drone_1,-2340.0000,-2340.0000,150.0000,3312.6575
01:45:56.233,drone_1,-2335.0000,-2335.0000,150.0000,3305.5937
01:45:56.283,drone_1,-2330.0000,-2330.0000,150.0000,3298.5300
01:45:56.333,drone_1,-2325.0000,-2325.0000,150.0000,3291.4662
01:45:56.384,drone_1,-2320.0000,-2320.0000,150.0000,3284.4025
01:45:56.434,drone_1,-2315.0000,-2315.0000,150.0000,3277.3389
01:45:56.484,drone_1,-2310.0000,-2310.0000,150.0000,3270.2752
01:45:56.534,drone_1,-2305.0000,-2305.0000,150.0000,3263.2116
01:45:56.585,drone_1,-2300.0000,-2300.0000,150.0000,3256.1480
01:45:56.635,drone_1,-2295.0000,-2295.0000,150.0000,3249.0845
01:45:56.685,drone_1,-2290.0000,-2290.0000,150.0000,3242.0210
01:45:56.735,drone_1,-2285.0000,-2285.0000,150.0000,3234.9575
01:45:56.786,drone_1,-2280.0000,-2280.0000,150.0000,3227.8941
01:45:56.836,drone_1,-2275.0000,-2275.0000,150.0000,3220.8306
01:45:56.886,drone_1,-2270.0000,-2270.0000,150.0000,3213.7673
01:45:56.936,drone_1,-2265.0000,-2265.0000,150.0000,3206.7039
01:45:56.987,drone_1,-2260.0000,-2260.0000,150.0000,3199.6406
01:45:57.037,drone_1,-2255.0000,-2255.0000,150.0000,3192.5773
01:45:57.087,drone_1,-2250.0000,-2250.0000,150.0000,3185.5141
01:45:57.137,drone_1,-2245.0000,-2245.0000,150.0000,3178.4509
01:45:57.187,drone_1,-2240.0000,-2240.0000,150.0000,3171.3877
01:45:57.238,drone_1,-2235.0000,-2235.0000,150.0000,3164.3246
01:45:57.288,drone_1,-2230.0000,-2230.0000,150.0000,3157.2615
01:45:57.338,drone_1,-2225.0000,-2225.0000,150.0000,3150.1984
01:45:57.388,drone_1,-2220.0000,-2220.0000,150.0000,3143.1354
01:45:57.439,drone_1,-2215.0000,-2215.0000,150.0000,3136.0724
01:45:57.489,drone_1,-2210.0000,-2210.0000,150.0000,3129.0094
01:45:57.539,drone_1,-2205.0000,-2205.0000,150.0000,3121.9465
01:45:57.589,drone_1,-2200.0000,-2200.0000,150.0000,3114.8836
01:45:57.640,drone_1,-2195.0000,-2195.0000,150.0000,3107.8208
01:45:57.690,drone_1,-2190.0000,-2190.0000,150.0000,3100.7580
01:45:57.740,drone_1,-2185.0000,-2185.0000,150.0000,3093.6952
01:45:57.790,drone_1,-2180.0000,-2180.0000,150.0000,3086.6325
01:45:57.841,drone_1,-2175.0000,-2175.0000,150.0000,3079.5698
01:45:57.891,drone_1,-2170.0000,-2170.0000,150.0000,3072.5071
01:45:57.941,drone_1,-2165.0000,-2165.0000,150.0000,3065.4445
01:45:57.991,drone_1,-2160.0000,-2160.0000,150.0000,3058.3819
01:45:58.041,drone_1,-2155.0000,-2155.0000,150.0000,3051.3194
01:45:58.092,drone_1,-2150.0000,-2150.0000,150.0000,3044.2569
01:45:58.142,drone_1,-2145.0000,-2145.0000,150.0000,3037.1944
01:45:58.192,drone_1,-2140.0000,-2140.0000,150.0000,3030.1320
01:45:58.242,drone_1,-2135.0000,-2135.0000,150.0000,3023.0696
01:45:58.292,drone_1,-2130.0000,-2130.0000,150.0000,3016.0073
01:45:58.343,drone_1,-2125.0000,-2125.0000,150.0000,3008.9450
01:45:58.393,drone_1,-2120.0000,-2120.0000,150.0000,3001.8827
01:45:58.443,drone_1,-2115.0000,-2115.0000,150.0000,2994.8205
01:45:58.493,drone_1,-2110.0000,-2110.0000,150.0000,2987.7584
01:45:58.544,drone_1,-2105.0000,-2105.0000,150.0000,2980.6962
01:45:58.594,drone_1,-2100.0000,-2100.0000,150.0000,2973.6341
01:45:58.644,drone_1,-2095.0000,-2095.0000,150.0000,2966.5721
01:45:58.694,drone_1,-2090.0000,-2090.0000,150.0000,2959.5101
01:45:58.745,drone_1,-2085.0000,-2085.0000,150.0000,2952.4481
01:45:58.795,drone_1,-2080.0000,-2080.0000,150.0000,2945.3862
01:45:58.845,drone_1,-2075.0000,-2075.0000,150.0000,2938.3244
01:45:58.895,drone_1,-2070.0000,-2070.0000,150.0000,2931.2625
